Date;Value
29.06.2010;5.000000
30.06.2010;6.084000
01.07.2010;5.184000
02.07.2010;4.620000
06.07.2010;4.000000
07.07.2010;3.326000
08.07.2010;3.504000
09.07.2010;3.580000
12.07.2010;3.614000
13.07.2010;3.728000
14.07.2010;4.030000
15.07.2010;4.300000
16.07.2010;4.260000
19.07.2010;4.450000
20.07.2010;4.370000
21.07.2010;4.180000
22.07.2010;4.250000
23.07.2010;4.312000
26.07.2010;4.300000
27.07.2010;4.236000
28.07.2010;4.180000
29.07.2010;4.176000
30.07.2010;4.088000
02.08.2010;4.194000
03.08.2010;4.390000
04.08.2010;4.436000
05.08.2010;4.310000
06.08.2010;4.032000
09.08.2010;3.996000
10.08.2010;3.930000
11.08.2010;3.776000
12.08.2010;3.580000
13.08.2010;3.690000
16.08.2010;3.760000
17.08.2010;3.880000
18.08.2010;3.918000
19.08.2010;3.850000
20.08.2010;3.822000
23.08.2010;4.078000
24.08.2010;3.942000
25.08.2010;3.996000
26.08.2010;4.054000
27.08.2010;3.974000
30.08.2010;4.038000
31.08.2010;3.958000
01.09.2010;4.138000
02.09.2010;4.248000
03.09.2010;4.260000
07.09.2010;4.200000
08.09.2010;4.190000
09.09.2010;4.210000
10.09.2010;4.186000
13.09.2010;4.180000
14.09.2010;4.320000
15.09.2010;4.400000
16.09.2010;4.632000
17.09.2010;4.264000
20.09.2010;4.270000
21.09.2010;4.310000
22.09.2010;4.190000
23.09.2010;4.028000
24.09.2010;4.038000
27.09.2010;4.162000
28.09.2010;4.298000
29.09.2010;4.406000
30.09.2010;4.430000
01.10.2010;4.150000
04.10.2010;4.234000
05.10.2010;4.256000
06.10.2010;4.252000
07.10.2010;4.128000
08.10.2010;4.158000
11.10.2010;4.140000
12.10.2010;4.056000
13.10.2010;4.170000
14.10.2010;4.206000
15.10.2010;4.180000
18.10.2010;4.128000
19.10.2010;4.082000
20.10.2010;4.138000
21.10.2010;4.190000
22.10.2010;4.186000
25.10.2010;4.196000
26.10.2010;4.374000
27.10.2010;4.276000
28.10.2010;4.300000
29.10.2010;4.370000
01.11.2010;4.550000
02.11.2010;4.376000
03.11.2010;4.500000
04.11.2010;5.066000
05.11.2010;4.994000
08.11.2010;5.000000
09.11.2010;5.138000
10.11.2010;5.994000
11.11.2010;5.820000
12.11.2010;6.100000
15.11.2010;6.588000
16.11.2010;6.280000
17.11.2010;6.150000
18.11.2010;6.148000
19.11.2010;6.274000
22.11.2010;6.690000
23.11.2010;7.136000
24.11.2010;7.194000
26.11.2010;7.200000
29.11.2010;7.190000
30.11.2010;7.066000
01.12.2010;7.284000
02.12.2010;6.860000
03.12.2010;6.450000
06.12.2010;6.290000
07.12.2010;6.480000
08.12.2010;6.498000
09.12.2010;6.544000
10.12.2010;6.584000
13.12.2010;6.354000
14.12.2010;6.078000
15.12.2010;5.994000
16.12.2010;6.182000
17.12.2010;6.308000
20.12.2010;6.438000
21.12.2010;6.538000
22.12.2010;6.572000
23.12.2010;6.496000
27.12.2010;5.716000
28.12.2010;5.350000
29.12.2010;5.602000
30.12.2010;5.580000
31.12.2010;5.450000
03.01.2011;5.400000
04.01.2011;5.390000
05.01.2011;5.380000
06.01.2011;5.600000
07.01.2011;5.716000
10.01.2011;5.736000
11.01.2011;5.742000
12.01.2011;5.480000
13.01.2011;5.394000
14.01.2011;5.316000
18.01.2011;5.128000
19.01.2011;5.094000
20.01.2011;4.890000
21.01.2011;4.718000
24.01.2011;4.962000
25.01.2011;4.978000
26.01.2011;4.976000
27.01.2011;5.016000
28.01.2011;4.976000
31.01.2011;4.824000
01.02.2011;4.946000
02.02.2011;4.836000
03.02.2011;4.780000
04.02.2011;4.734000
07.02.2011;4.652000
08.02.2011;5.050000
09.02.2011;4.836000
10.02.2011;4.728000
11.02.2011;4.750000
14.02.2011;4.828000
15.02.2011;4.634000
16.02.2011;4.994000
17.02.2011;5.098000
18.02.2011;4.698000
22.02.2011;4.600000
23.02.2011;4.500000
24.02.2011;4.516000
25.02.2011;4.770000
28.02.2011;4.820000
01.03.2011;4.864000
02.03.2011;4.856000
03.03.2011;4.958000
04.03.2011;4.998000
07.03.2011;5.080000
08.03.2011;4.992000
09.03.2011;4.998000
10.03.2011;4.898000
11.03.2011;4.850000
14.03.2011;4.800000
15.03.2011;4.592000
16.03.2011;4.650000
17.03.2011;4.686000
18.03.2011;4.638000
21.03.2011;4.610000
22.03.2011;4.572000
23.03.2011;4.454000
24.03.2011;4.476000
25.03.2011;4.600000
28.03.2011;4.708000
29.03.2011;4.800000
30.03.2011;4.898000
31.03.2011;5.742000
01.04.2011;5.636000
04.04.2011;5.400000
05.04.2011;5.400000
06.04.2011;5.402000
07.04.2011;5.588000
08.04.2011;5.520000
11.04.2011;5.306000
12.04.2011;5.042000
13.04.2011;5.138000
14.04.2011;5.056000
15.04.2011;5.236000
18.04.2011;5.124000
19.04.2011;5.052000
20.04.2011;5.218000
21.04.2011;5.396000
25.04.2011;5.346000
26.04.2011;5.450000
27.04.2011;5.472000
28.04.2011;5.538000
29.04.2011;5.574000
02.05.2011;5.560000
03.05.2011;5.478000
04.05.2011;5.400000
05.05.2011;5.488000
06.05.2011;5.540000
09.05.2011;5.600000
10.05.2011;5.790000
11.05.2011;5.660000
12.05.2011;5.548000
13.05.2011;5.638000
16.05.2011;5.598000
17.05.2011;5.400000
18.05.2011;5.294000
19.05.2011;5.688000
20.05.2011;5.656000
23.05.2011;5.524000
24.05.2011;5.500000
25.05.2011;5.802000
26.05.2011;5.952000
27.05.2011;5.934000
31.05.2011;6.056000
01.06.2011;6.020000
02.06.2011;5.864000
03.06.2011;6.300000
06.06.2011;6.026000
07.06.2011;5.878000
08.06.2011;5.720000
09.06.2011;5.620000
10.06.2011;5.660000
13.06.2011;5.776000
14.06.2011;5.940000
15.06.2011;5.690000
16.06.2011;5.600000
17.06.2011;5.540000
20.06.2011;5.292000
21.06.2011;5.546000
22.06.2011;5.650000
23.06.2011;5.544000
24.06.2011;5.594000
27.06.2011;5.656000
28.06.2011;5.650000
29.06.2011;5.818000
30.06.2011;5.866000
01.07.2011;5.920000
05.07.2011;5.904000
06.07.2011;5.828000
07.07.2011;6.000000
08.07.2011;5.978000
11.07.2011;5.706000
12.07.2011;5.818000
13.07.2011;5.806000
14.07.2011;5.792000
15.07.2011;5.566000
18.07.2011;5.490000
19.07.2011;5.622000
20.07.2011;6.088000
21.07.2011;5.832000
22.07.2011;5.908000
25.07.2011;5.850000
26.07.2011;5.754000
27.07.2011;5.700000
28.07.2011;5.710000
29.07.2011;5.680000
01.08.2011;5.796000
02.08.2011;5.840000
03.08.2011;5.566000
04.08.2011;5.378000
05.08.2011;5.076000
08.08.2011;4.888000
09.08.2011;5.090000
10.08.2011;5.088000
11.08.2011;5.150000
12.08.2011;5.428000
15.08.2011;5.350000
16.08.2011;5.308000
17.08.2011;5.330000
18.08.2011;5.030000
19.08.2011;4.844000
22.08.2011;4.760000
23.08.2011;4.622000
24.08.2011;4.786000
25.08.2011;4.774000
26.08.2011;4.790000
29.08.2011;4.970000
30.08.2011;4.954000
31.08.2011;5.100000
01.09.2011;4.974000
02.09.2011;4.798000
06.09.2011;4.640000
07.09.2011;4.800000
08.09.2011;4.806000
09.09.2011;4.714000
12.09.2011;4.662000
13.09.2011;4.820000
14.09.2011;4.968000
15.09.2011;4.986000
16.09.2011;5.168000
19.09.2011;5.162000
20.09.2011;5.320000
21.09.2011;5.390000
22.09.2011;5.222000
23.09.2011;5.324000
26.09.2011;5.304000
27.09.2011;5.398000
28.09.2011;5.300000
29.09.2011;5.164000
30.09.2011;4.978000
03.10.2011;5.000000
04.10.2011;4.864000
05.10.2011;5.168000
06.10.2011;5.520000
07.10.2011;5.520000
10.10.2011;5.636000
11.10.2011;5.554000
12.10.2011;5.600000
13.10.2011;5.694000
14.10.2011;5.710000
17.10.2011;5.600000
18.10.2011;5.686000
19.10.2011;5.612000
20.10.2011;5.494000
21.10.2011;5.660000
24.10.2011;5.778000
25.10.2011;5.772000
26.10.2011;5.674000
27.10.2011;5.790000
28.10.2011;6.000000
31.10.2011;5.902000
01.11.2011;5.784000
02.11.2011;5.852000
03.11.2011;6.498000
04.11.2011;6.480000
07.11.2011;6.400000
08.11.2011;6.400000
09.11.2011;6.298000
10.11.2011;6.300000
11.11.2011;6.900000
14.11.2011;6.708000
15.11.2011;6.880000
16.11.2011;7.000000
17.11.2011;6.980000
18.11.2011;6.822000
21.11.2011;6.488000
22.11.2011;6.558000
23.11.2011;6.410000
25.11.2011;6.482000
28.11.2011;6.656000
29.11.2011;6.614000
30.11.2011;6.586000
01.12.2011;6.798000
02.12.2011;6.738000
05.12.2011;7.000000
06.12.2011;6.996000
07.12.2011;6.978000
08.12.2011;6.330000
09.12.2011;6.224000
12.12.2011;6.124000
13.12.2011;6.186000
14.12.2011;5.936000
15.12.2011;5.834000
16.12.2011;5.786000
19.12.2011;5.700000
20.12.2011;5.690000
21.12.2011;5.614000
22.12.2011;5.610000
23.12.2011;5.600000
27.12.2011;5.754000
28.12.2011;5.848000
29.12.2011;5.868000
30.12.2011;5.796000
03.01.2012;5.900000
04.01.2012;5.734000
05.01.2012;5.586000
06.01.2012;5.558000
09.01.2012;5.498000
10.01.2012;5.552000
11.01.2012;5.676000
12.01.2012;5.724000
13.01.2012;5.700000
17.01.2012;5.468000
18.01.2012;5.376000
19.01.2012;5.548000
20.01.2012;5.400000
23.01.2012;5.442000
24.01.2012;5.536000
25.01.2012;5.602000
26.01.2012;5.916000
27.01.2012;5.944000
30.01.2012;5.922000
31.01.2012;6.000000
01.02.2012;5.940000
02.02.2012;6.176000
03.02.2012;6.266000
06.02.2012;6.380000
07.02.2012;6.360000
08.02.2012;6.402000
09.02.2012;6.580000
10.02.2012;6.454000
13.02.2012;6.412000
14.02.2012;6.758000
15.02.2012;6.882000
16.02.2012;6.902000
17.02.2012;6.994000
21.02.2012;6.974000
22.02.2012;6.944000
23.02.2012;6.994000
24.02.2012;6.904000
27.02.2012;6.800000
28.02.2012;6.888000
29.02.2012;6.824000
01.03.2012;6.900000
02.03.2012;6.900000
05.03.2012;6.880000
06.03.2012;6.656000
07.03.2012;6.662000
08.03.2012;6.698000
09.03.2012;7.062000
12.03.2012;7.258000
13.03.2012;7.318000
14.03.2012;7.200000
15.03.2012;7.096000
16.03.2012;7.178000
19.03.2012;7.064000
20.03.2012;7.040000
21.03.2012;7.060000
22.03.2012;7.030000
23.03.2012;6.926000
26.03.2012;7.618000
27.03.2012;7.990000
28.03.2012;7.688000
29.03.2012;7.638000
30.03.2012;7.588000
02.04.2012;7.594000
03.04.2012;7.694000
04.04.2012;7.098000
05.04.2012;7.088000
09.04.2012;6.858000
10.04.2012;6.770000
11.04.2012;6.658000
12.04.2012;6.896000
13.04.2012;6.808000
16.04.2012;6.740000
17.04.2012;6.614000
18.04.2012;6.550000
19.04.2012;6.686000
20.04.2012;6.746000
23.04.2012;6.594000
24.04.2012;6.440000
25.04.2012;6.598000
26.04.2012;6.704000
27.04.2012;6.726000
30.04.2012;6.672000
01.05.2012;6.842000
02.05.2012;6.878000
03.05.2012;6.800000
04.05.2012;6.492000
07.05.2012;6.516000
08.05.2012;6.546000
09.05.2012;6.154000
10.05.2012;6.936000
11.05.2012;6.688000
14.05.2012;6.426000
15.05.2012;6.192000
16.05.2012;6.036000
17.05.2012;5.958000
18.05.2012;5.692000
21.05.2012;5.852000
22.05.2012;6.268000
23.05.2012;6.210000
24.05.2012;6.250000
25.05.2012;6.082000
29.05.2012;6.386000
30.05.2012;6.284000
31.05.2012;6.058000
01.06.2012;5.832000
04.06.2012;5.682000
05.06.2012;5.678000
06.06.2012;5.890000
07.06.2012;5.974000
08.06.2012;6.038000
11.06.2012;6.200000
12.06.2012;5.968000
13.06.2012;6.128000
14.06.2012;6.130000
15.06.2012;5.990000
18.06.2012;6.466000
19.06.2012;6.532000
20.06.2012;6.900000
21.06.2012;6.856000
22.06.2012;6.796000
25.06.2012;6.824000
26.06.2012;6.470000
27.06.2012;6.490000
28.06.2012;6.422000
29.06.2012;6.560000
02.07.2012;6.360000
03.07.2012;6.200000
05.07.2012;6.334000
06.07.2012;6.346000
09.07.2012;6.366000
10.07.2012;6.496000
11.07.2012;6.336000
12.07.2012;6.602000
13.07.2012;6.880000
16.07.2012;7.200000
17.07.2012;7.042000
18.07.2012;6.734000
19.07.2012;6.630000
20.07.2012;6.450000
23.07.2012;6.260000
24.07.2012;6.208000
25.07.2012;5.996000
26.07.2012;6.000000
27.07.2012;5.932000
30.07.2012;6.050000
31.07.2012;5.594000
01.08.2012;5.598000
02.08.2012;5.370000
03.08.2012;5.510000
06.08.2012;5.740000
07.08.2012;6.180000
08.08.2012;6.000000
09.08.2012;6.000000
10.08.2012;5.988000
13.08.2012;6.260000
14.08.2012;6.234000
15.08.2012;5.940000
16.08.2012;6.078000
17.08.2012;6.142000
20.08.2012;6.078000
21.08.2012;6.000000
22.08.2012;6.008000
23.08.2012;6.170000
24.08.2012;6.048000
27.08.2012;5.940000
28.08.2012;5.876000
29.08.2012;5.728000
30.08.2012;5.748000
31.08.2012;5.768000
04.09.2012;5.798000
05.09.2012;5.700000
06.09.2012;5.780000
07.09.2012;5.914000
10.09.2012;5.870000
11.09.2012;5.632000
12.09.2012;5.716000
13.09.2012;5.900000
14.09.2012;6.130000
17.09.2012;6.556000
18.09.2012;6.380000
19.09.2012;6.348000
20.09.2012;6.300000
21.09.2012;6.298000
24.09.2012;6.206000
25.09.2012;5.896000
26.09.2012;5.680000
27.09.2012;5.708000
28.09.2012;5.978000
01.10.2012;5.978000
02.10.2012;5.978000
03.10.2012;5.990000
04.10.2012;6.020000
05.10.2012;5.962000
08.10.2012;5.880000
09.10.2012;5.824000
10.10.2012;5.744000
11.10.2012;5.796000
12.10.2012;5.746000
15.10.2012;5.610000
16.10.2012;5.618000
17.10.2012;5.768000
18.10.2012;5.798000
19.10.2012;5.640000
22.10.2012;5.600000
23.10.2012;5.712000
24.10.2012;5.704000
25.10.2012;5.560000
26.10.2012;5.560000
31.10.2012;5.670000
01.11.2012;5.898000
02.11.2012;5.910000
05.11.2012;6.316000
06.11.2012;6.240000
07.11.2012;6.410000
08.11.2012;6.376000
09.11.2012;6.186000
12.11.2012;6.284000
13.11.2012;6.400000
14.11.2012;6.424000
15.11.2012;6.288000
16.11.2012;6.400000
19.11.2012;6.650000
20.11.2012;6.620000
21.11.2012;6.694000
23.11.2012;6.566000
26.11.2012;6.460000
27.11.2012;6.532000
28.11.2012;6.858000
29.11.2012;6.800000
30.11.2012;6.856000
03.12.2012;7.000000
04.12.2012;6.960000
05.12.2012;6.838000
06.12.2012;6.960000
07.12.2012;6.898000
10.12.2012;6.960000
11.12.2012;7.100000
12.12.2012;7.160000
13.12.2012;7.060000
14.12.2012;6.880000
17.12.2012;6.900000
18.12.2012;7.014000
19.12.2012;7.052000
20.12.2012;6.958000
21.12.2012;6.834000
24.12.2012;6.870000
26.12.2012;6.900000
27.12.2012;6.782000
28.12.2012;6.730000
31.12.2012;6.794000
02.01.2013;7.090000
03.01.2013;7.090000
04.01.2013;6.960000
07.01.2013;6.960000
08.01.2013;6.900000
09.01.2013;6.838000
10.01.2013;6.798000
11.01.2013;6.808000
14.01.2013;6.676000
15.01.2013;6.850000
16.01.2013;6.846000
17.01.2013;6.970000
18.01.2013;6.956000
22.01.2013;7.110000
23.01.2013;7.248000
24.01.2013;7.544000
25.01.2013;7.508000
28.01.2013;7.742000
29.01.2013;7.688000
30.01.2013;7.600000
31.01.2013;7.574000
01.02.2013;7.700000
04.02.2013;7.684000
05.02.2013;7.730000
06.02.2013;7.878000
07.02.2013;7.936000
08.02.2013;8.000000
11.02.2013;7.830000
12.02.2013;7.774000
13.02.2013;7.800000
14.02.2013;7.750000
15.02.2013;7.702000
19.02.2013;7.858000
20.02.2013;7.930000
21.02.2013;7.478000
22.02.2013;7.278000
25.02.2013;7.350000
26.02.2013;6.992000
27.02.2013;7.082000
28.02.2013;7.220000
01.03.2013;7.016000
04.03.2013;7.166000
05.03.2013;7.384000
06.03.2013;7.576000
07.03.2013;7.730000
08.03.2013;7.888000
11.03.2013;7.888000
12.03.2013;7.876000
13.03.2013;7.898000
14.03.2013;7.782000
15.03.2013;7.330000
18.03.2013;7.212000
19.03.2013;7.120000
20.03.2013;7.214000
21.03.2013;7.412000
22.03.2013;7.360000
25.03.2013;7.704000
26.03.2013;7.644000
27.03.2013;7.676000
28.03.2013;7.648000
01.04.2013;9.336000
02.04.2013;9.100000
03.04.2013;8.694000
04.04.2013;8.450000
05.04.2013;8.400000
08.04.2013;8.510000
09.04.2013;8.366000
10.04.2013;8.402000
11.04.2013;8.910000
12.04.2013;9.028000
15.04.2013;8.760000
16.04.2013;9.228000
17.04.2013;9.190000
18.04.2013;9.520000
19.04.2013;9.976000
22.04.2013;10.040000
23.04.2013;10.584000
24.04.2013;10.210000
25.04.2013;10.480000
26.04.2013;10.748000
29.04.2013;10.998000
30.04.2013;11.636000
01.05.2013;11.198000
02.05.2013;11.054000
03.05.2013;11.294000
06.05.2013;11.932000
07.05.2013;12.474000
08.05.2013;11.640000
09.05.2013;15.154000
10.05.2013;16.200001
13.05.2013;17.600000
14.05.2013;19.424000
15.05.2013;17.375999
16.05.2013;19.000000
17.05.2013;18.888000
20.05.2013;18.500000
21.05.2013;17.997999
22.05.2013;18.191999
23.05.2013;18.601999
24.05.2013;19.590000
28.05.2013;22.150000
29.05.2013;22.980000
30.05.2013;21.908001
31.05.2013;21.288000
03.06.2013;19.524000
04.06.2013;19.284000
05.06.2013;19.594000
06.06.2013;19.854000
07.06.2013;20.580000
10.06.2013;20.504000
11.06.2013;19.736000
12.06.2013;20.096001
13.06.2013;19.856001
14.06.2013;20.504000
17.06.2013;20.950001
18.06.2013;20.796000
19.06.2013;21.334000
20.06.2013;21.426001
21.06.2013;20.740000
24.06.2013;20.573999
25.06.2013;20.840000
26.06.2013;21.174000
27.06.2013;22.049999
28.06.2013;21.888000
01.07.2013;23.554001
02.07.2013;24.378000
03.07.2013;23.850000
05.07.2013;24.056000
08.07.2013;24.436001
09.07.2013;25.063999
10.07.2013;24.650000
11.07.2013;25.218000
12.07.2013;25.988001
15.07.2013;26.652000
16.07.2013;25.264000
17.07.2013;24.323999
18.07.2013;24.546000
19.07.2013;24.110001
22.07.2013;25.336000
23.07.2013;25.112000
24.07.2013;24.900000
25.07.2013;24.950001
26.07.2013;26.136000
29.07.2013;27.073999
30.07.2013;27.497999
31.07.2013;26.993999
01.08.2013;27.304001
02.08.2013;27.650000
05.08.2013;28.978001
06.08.2013;29.146000
07.08.2013;28.389999
08.08.2013;31.775999
09.08.2013;31.190001
12.08.2013;30.100000
13.08.2013;29.968000
14.08.2013;28.968000
15.08.2013;28.719999
16.08.2013;28.782000
19.08.2013;29.476000
20.08.2013;29.955999
21.08.2013;30.062000
22.08.2013;31.496000
23.08.2013;32.459999
26.08.2013;34.599998
27.08.2013;33.759998
28.08.2013;34.299999
29.08.2013;33.549999
30.08.2013;33.841999
03.09.2013;34.740002
04.09.2013;34.324001
05.09.2013;34.299999
06.09.2013;33.939999
09.09.2013;32.900002
10.09.2013;33.500000
11.09.2013;33.580002
12.09.2013;33.352001
13.09.2013;33.273998
16.09.2013;34.169998
17.09.2013;33.683998
18.09.2013;33.490002
19.09.2013;36.094002
20.09.2013;37.166000
23.09.2013;37.096001
24.09.2013;36.992001
25.09.2013;37.259998
26.09.2013;37.936001
27.09.2013;38.256001
30.09.2013;38.900002
01.10.2013;38.846001
02.10.2013;38.366001
03.10.2013;35.938000
04.10.2013;36.236000
07.10.2013;37.346001
08.10.2013;37.186001
09.10.2013;34.998001
10.10.2013;35.150002
11.10.2013;35.858002
14.10.2013;36.500000
15.10.2013;37.757999
16.10.2013;37.459999
17.10.2013;36.959999
18.10.2013;37.192001
21.10.2013;36.678001
22.10.2013;35.556000
23.10.2013;34.362000
24.10.2013;34.900002
25.10.2013;34.900002
28.10.2013;34.099998
29.10.2013;33.090000
30.10.2013;33.535999
31.10.2013;32.487999
01.11.2013;33.180000
04.11.2013;35.077999
05.11.2013;36.285999
06.11.2013;32.146000
07.11.2013;29.129999
08.11.2013;28.120001
11.11.2013;29.084000
12.11.2013;28.940001
13.11.2013;28.474001
14.11.2013;28.080000
15.11.2013;27.590000
18.11.2013;27.090000
19.11.2013;25.799999
20.11.2013;25.490000
21.11.2013;24.958000
22.11.2013;24.549999
25.11.2013;25.167999
26.11.2013;24.544001
27.11.2013;25.389999
29.11.2013;26.118000
02.12.2013;25.709999
03.12.2013;28.988001
04.12.2013;28.886000
05.12.2013;28.670000
06.12.2013;28.497999
09.12.2013;28.340000
10.12.2013;29.174000
11.12.2013;28.610001
12.12.2013;29.648001
13.12.2013;30.360001
16.12.2013;30.086000
17.12.2013;30.926001
18.12.2013;30.980000
19.12.2013;29.400000
20.12.2013;28.870001
23.12.2013;29.247999
24.12.2013;30.993999
26.12.2013;31.600000
27.12.2013;31.100000
30.12.2013;30.962000
31.12.2013;30.639999
02.01.2014;30.496000
03.01.2014;30.438000
06.01.2014;30.080000
07.01.2014;30.080000
08.01.2014;30.740000
09.01.2014;30.686001
10.01.2014;29.780001
13.01.2014;29.400000
14.01.2014;32.400002
15.01.2014;34.445999
16.01.2014;34.540001
17.01.2014;34.639999
21.01.2014;35.458000
22.01.2014;36.063999
23.01.2014;36.476002
24.01.2014;36.096001
27.01.2014;35.584000
28.01.2014;35.796001
29.01.2014;35.818001
30.01.2014;36.956001
31.01.2014;37.200001
03.02.2014;36.976002
04.02.2014;36.320000
05.02.2014;36.118000
06.02.2014;36.021999
07.02.2014;37.326000
10.02.2014;39.860001
11.02.2014;40.439999
12.02.2014;39.653999
13.02.2014;40.543999
14.02.2014;40.375999
18.02.2014;41.200001
19.02.2014;40.740002
20.02.2014;43.042000
21.02.2014;42.796001
24.02.2014;43.672001
25.02.2014;51.840000
26.02.2014;53.000000
27.02.2014;52.380001
28.02.2014;50.535999
03.03.2014;50.330002
04.03.2014;52.000000
05.03.2014;51.397999
06.03.2014;51.500000
07.03.2014;50.970001
10.03.2014;48.599998
11.03.2014;48.919998
12.03.2014;49.500000
13.03.2014;48.838001
14.03.2014;47.388000
17.03.2014;47.585999
18.03.2014;48.299999
19.03.2014;48.310001
20.03.2014;47.849998
21.03.2014;47.240002
24.03.2014;45.980000
25.03.2014;45.410000
26.03.2014;44.520000
27.03.2014;42.720001
28.03.2014;43.344002
31.03.2014;43.349998
01.04.2014;43.632000
02.04.2014;46.178001
03.04.2014;47.146000
04.04.2014;45.653999
07.04.2014;43.240002
08.04.2014;43.298000
09.04.2014;43.689999
10.04.2014;43.500000
11.04.2014;41.400002
14.04.2014;41.688000
15.04.2014;39.858002
16.04.2014;39.998001
17.04.2014;40.458000
21.04.2014;41.240002
22.04.2014;43.866001
23.04.2014;43.348000
24.04.2014;42.560001
25.04.2014;41.340000
28.04.2014;40.757999
29.04.2014;41.430000
30.04.2014;41.632000
01.05.2014;42.804001
02.05.2014;42.271999
05.05.2014;43.537998
06.05.2014;43.731998
07.05.2014;42.040001
08.05.2014;38.880001
09.05.2014;36.680000
12.05.2014;37.438000
13.05.2014;38.268002
14.05.2014;38.695999
15.05.2014;38.532001
16.05.2014;38.408001
19.05.2014;39.377998
20.05.2014;39.866001
21.05.2014;39.973999
22.05.2014;41.375999
23.05.2014;41.551998
27.05.2014;42.773998
28.05.2014;42.554001
29.05.2014;42.498001
30.05.2014;42.959999
02.06.2014;41.869999
03.06.2014;41.599998
04.06.2014;41.251999
05.06.2014;41.840000
06.06.2014;42.161999
09.06.2014;41.998001
10.06.2014;41.394001
11.06.2014;41.000000
12.06.2014;41.976002
13.06.2014;41.358002
16.06.2014;45.098000
17.06.2014;47.108002
18.06.2014;46.341999
19.06.2014;47.062000
20.06.2014;46.257999
23.06.2014;47.798000
24.06.2014;48.375999
25.06.2014;47.509998
26.06.2014;48.080002
27.06.2014;48.000000
30.06.2014;48.897999
01.07.2014;48.688000
02.07.2014;48.466000
03.07.2014;46.380001
07.07.2014;45.956001
08.07.2014;44.192001
09.07.2014;44.844002
10.07.2014;44.444000
11.07.2014;44.320000
14.07.2014;45.757999
15.07.2014;45.529999
16.07.2014;44.959999
17.07.2014;44.110001
18.07.2014;44.242001
21.07.2014;44.641998
22.07.2014;44.660000
23.07.2014;44.950001
24.07.2014;45.020000
25.07.2014;45.394001
28.07.2014;46.400002
29.07.2014;45.660000
30.07.2014;45.919998
31.07.2014;46.279999
01.08.2014;47.500000
04.08.2014;48.099998
05.08.2014;48.598000
06.08.2014;50.284000
07.08.2014;51.338001
08.08.2014;50.352001
11.08.2014;52.748001
12.08.2014;52.060001
13.08.2014;53.127998
14.08.2014;52.599998
15.08.2014;52.417999
18.08.2014;53.452000
19.08.2014;51.866001
20.08.2014;51.748001
21.08.2014;51.759998
22.08.2014;51.389999
25.08.2014;52.736000
26.08.2014;53.099998
27.08.2014;52.848000
28.08.2014;52.896000
29.08.2014;54.400002
02.09.2014;56.978001
03.09.2014;57.599998
04.09.2014;58.284000
05.09.2014;56.580002
08.09.2014;56.976002
09.09.2014;57.098000
10.09.2014;56.282001
11.09.2014;56.958000
12.09.2014;56.478001
15.09.2014;54.880001
16.09.2014;52.492001
17.09.2014;52.939999
18.09.2014;53.119999
19.09.2014;52.285999
22.09.2014;51.203999
23.09.2014;50.759998
24.09.2014;50.568001
25.09.2014;50.992001
26.09.2014;49.945999
29.09.2014;49.728001
30.09.2014;49.529999
01.10.2014;48.532001
02.10.2014;50.557999
03.10.2014;51.299999
06.10.2014;52.498001
07.10.2014;52.292000
08.10.2014;52.576000
09.10.2014;53.108002
10.10.2014;49.178001
13.10.2014;47.792000
14.10.2014;46.493999
15.10.2014;46.198002
16.10.2014;45.984001
17.10.2014;46.953999
20.10.2014;46.480000
21.10.2014;47.077999
22.10.2014;47.478001
23.10.2014;47.256001
24.10.2014;47.560001
27.10.2014;46.922001
28.10.2014;48.919998
29.10.2014;48.299999
30.10.2014;48.099998
31.10.2014;48.624001
03.11.2014;49.512001
04.11.2014;48.470001
05.11.2014;48.271999
06.11.2014;49.338001
07.11.2014;48.568001
10.11.2014;48.576000
11.11.2014;50.363998
12.11.2014;50.467999
13.11.2014;51.150002
14.11.2014;51.770000
17.11.2014;51.799999
18.11.2014;51.998001
19.11.2014;50.375999
20.11.2014;50.186001
21.11.2014;50.556000
24.11.2014;49.520000
25.11.2014;49.944000
26.11.2014;49.799999
28.11.2014;49.338001
01.12.2014;48.493999
02.12.2014;46.976002
03.12.2014;45.944000
04.12.2014;46.180000
05.12.2014;45.877998
08.12.2014;44.972000
09.12.2014;43.546001
10.12.2014;43.354000
11.12.2014;43.085999
12.12.2014;42.335999
15.12.2014;41.959999
16.12.2014;40.736000
17.12.2014;41.330002
18.12.2014;43.688000
19.12.2014;44.080002
22.12.2014;44.812000
23.12.2014;44.863998
24.12.2014;44.500000
26.12.2014;45.700001
29.12.2014;45.582001
30.12.2014;45.130001
31.12.2014;45.136002
02.01.2015;44.650002
05.01.2015;43.299999
06.01.2015;42.840000
07.01.2015;42.956001
08.01.2015;42.759998
09.01.2015;41.995998
12.01.2015;40.894001
13.01.2015;41.521999
14.01.2015;39.040001
15.01.2015;39.150002
16.01.2015;38.897999
20.01.2015;38.824001
21.01.2015;39.736000
22.01.2015;40.647999
23.01.2015;40.700001
26.01.2015;41.723999
27.01.2015;41.605999
28.01.2015;41.273998
29.01.2015;41.195999
30.01.2015;41.493999
02.02.2015;42.389999
03.02.2015;44.074001
04.02.2015;44.296001
05.02.2015;45.096001
06.02.2015;44.680000
09.02.2015;43.585999
10.02.2015;44.099998
11.02.2015;42.948002
12.02.2015;40.618000
13.02.2015;41.198002
17.02.2015;41.139999
18.02.2015;41.234001
19.02.2015;42.487999
20.02.2015;43.520000
23.02.2015;43.639999
24.02.2015;41.458000
25.02.2015;41.428001
26.02.2015;42.217999
27.02.2015;41.709999
02.03.2015;40.667999
03.03.2015;40.048000
04.03.2015;40.504002
05.03.2015;41.237999
06.03.2015;40.150002
09.03.2015;38.897999
10.03.2015;38.700001
11.03.2015;39.236000
12.03.2015;38.889999
13.03.2015;38.349998
16.03.2015;39.181999
17.03.2015;39.742001
18.03.2015;40.175999
19.03.2015;40.917999
20.03.2015;39.798000
23.03.2015;40.099998
24.03.2015;40.757999
25.03.2015;39.717999
26.03.2015;38.958000
27.03.2015;37.858002
30.03.2015;38.450001
31.03.2015;38.751999
01.04.2015;38.459999
02.04.2015;38.646000
06.04.2015;41.549999
07.04.2015;41.012001
08.04.2015;42.180000
09.04.2015;42.074001
10.04.2015;42.330002
13.04.2015;42.599998
14.04.2015;41.897999
15.04.2015;41.917999
16.04.2015;41.834000
17.04.2015;41.375999
20.04.2015;41.570000
21.04.2015;42.150002
22.04.2015;44.375999
23.04.2015;44.296001
24.04.2015;44.160000
27.04.2015;47.750000
28.04.2015;47.099998
29.04.2015;46.993999
30.04.2015;46.577999
01.05.2015;46.354000
04.05.2015;46.945999
05.05.2015;47.900002
06.05.2015;46.894001
07.05.2015;47.495998
08.05.2015;47.681999
11.05.2015;48.576000
12.05.2015;49.270000
13.05.2015;49.660000
14.05.2015;48.978001
15.05.2015;49.880001
18.05.2015;49.980000
19.05.2015;50.200001
20.05.2015;49.548000
21.05.2015;49.324001
22.05.2015;49.720001
26.05.2015;50.400002
27.05.2015;49.900002
28.05.2015;50.360001
29.05.2015;50.574001
01.06.2015;50.320000
02.06.2015;49.880001
03.06.2015;50.144001
04.06.2015;49.860001
05.06.2015;49.939999
08.06.2015;51.750000
09.06.2015;51.548000
10.06.2015;50.799999
11.06.2015;50.874001
12.06.2015;50.692001
15.06.2015;50.256001
16.06.2015;50.688000
17.06.2015;52.872002
18.06.2015;52.692001
19.06.2015;52.759998
22.06.2015;52.880001
23.06.2015;53.599998
24.06.2015;53.470001
25.06.2015;54.282001
26.06.2015;53.821999
29.06.2015;53.189999
30.06.2015;54.183998
01.07.2015;54.523998
02.07.2015;56.490002
06.07.2015;56.338001
07.07.2015;55.040001
08.07.2015;52.160000
09.07.2015;52.590000
10.07.2015;52.599998
13.07.2015;52.509998
14.07.2015;53.198002
15.07.2015;53.498001
16.07.2015;53.439999
17.07.2015;55.108002
20.07.2015;57.330002
21.07.2015;54.700001
22.07.2015;53.888000
23.07.2015;53.980000
24.07.2015;54.217999
27.07.2015;52.886002
28.07.2015;53.080002
29.07.2015;53.577999
30.07.2015;53.388000
31.07.2015;53.872002
03.08.2015;53.341999
04.08.2015;53.344002
05.08.2015;54.200001
06.08.2015;51.000000
07.08.2015;48.745998
10.08.2015;48.594002
11.08.2015;47.860001
12.08.2015;47.953999
13.08.2015;49.296001
14.08.2015;49.585999
17.08.2015;51.318001
18.08.2015;52.189999
19.08.2015;52.130001
20.08.2015;50.911999
21.08.2015;48.759998
24.08.2015;46.279999
25.08.2015;46.180000
26.08.2015;45.599998
27.08.2015;48.950001
28.08.2015;50.290001
31.08.2015;50.990002
01.09.2015;49.200001
02.09.2015;49.576000
03.09.2015;50.416000
04.09.2015;48.818001
08.09.2015;49.832001
09.09.2015;50.849998
10.09.2015;50.144001
11.09.2015;50.048000
14.09.2015;50.849998
15.09.2015;50.919998
16.09.2015;52.576000
17.09.2015;53.099998
18.09.2015;52.764000
21.09.2015;54.313999
22.09.2015;52.529999
23.09.2015;52.416000
24.09.2015;52.689999
25.09.2015;53.382000
28.09.2015;51.958000
29.09.2015;50.945999
30.09.2015;50.480000
01.10.2015;49.700001
02.10.2015;49.540001
05.10.2015;49.967999
06.10.2015;48.605999
07.10.2015;47.540001
08.10.2015;46.144001
09.10.2015;44.874001
12.10.2015;44.599998
13.10.2015;44.504002
14.10.2015;44.189999
15.10.2015;44.346001
16.10.2015;46.096001
19.10.2015;46.230000
20.10.2015;45.720001
21.10.2015;42.962002
22.10.2015;43.150002
23.10.2015;43.070000
26.10.2015;43.175999
27.10.2015;43.419998
28.10.2015;42.689999
29.10.2015;42.750000
30.10.2015;42.326000
02.11.2015;43.160000
03.11.2015;42.888000
04.11.2015;46.548000
05.11.2015;46.916000
06.11.2015;46.672001
09.11.2015;46.598000
10.11.2015;44.740002
11.11.2015;43.896000
12.11.2015;43.799999
13.11.2015;42.598000
16.11.2015;42.995998
17.11.2015;43.200001
18.11.2015;44.276001
19.11.2015;45.237999
20.11.2015;45.000000
23.11.2015;43.835999
24.11.2015;44.200001
25.11.2015;46.166000
27.11.2015;46.450001
30.11.2015;46.855999
01.12.2015;47.599998
02.12.2015;47.720001
03.12.2015;47.490002
04.12.2015;46.653999
07.12.2015;47.125999
08.12.2015;45.759998
09.12.2015;45.500000
10.12.2015;45.698002
11.12.2015;45.150002
14.12.2015;44.183998
15.12.2015;44.444000
16.12.2015;46.976002
17.12.2015;47.551998
18.12.2015;47.180000
21.12.2015;47.166000
22.12.2015;47.310001
23.12.2015;46.689999
24.12.2015;46.375999
28.12.2015;46.396000
29.12.2015;47.543999
30.12.2015;48.726002
31.12.2015;48.689999
04.01.2016;46.276001
05.01.2016;45.377998
06.01.2016;44.009998
07.01.2016;43.688000
08.01.2016;44.088001
11.01.2016;42.889999
12.01.2016;42.748001
13.01.2016;42.529999
14.01.2016;42.000000
15.01.2016;41.014000
19.01.2016;42.094002
20.01.2016;40.256001
21.01.2016;40.646000
22.01.2016;41.099998
25.01.2016;40.714001
26.01.2016;39.563999
27.01.2016;38.652000
28.01.2016;38.256001
29.01.2016;38.748001
01.02.2016;39.903999
02.02.2016;38.624001
03.02.2016;36.787998
04.02.2016;35.195999
05.02.2016;34.599998
08.02.2016;31.430000
09.02.2016;31.958000
10.02.2016;30.993999
11.02.2016;32.652000
12.02.2016;31.402000
16.02.2016;32.590000
17.02.2016;33.868000
18.02.2016;34.590000
19.02.2016;33.498001
22.02.2016;35.782001
23.02.2016;36.346001
24.02.2016;35.900002
25.02.2016;37.703999
26.02.2016;38.400002
29.02.2016;39.270000
01.03.2016;39.189999
02.03.2016;37.703999
03.03.2016;39.484001
04.03.2016;40.806000
07.03.2016;41.939999
08.03.2016;41.500000
09.03.2016;41.874001
10.03.2016;42.658001
11.03.2016;41.883999
14.03.2016;43.344002
15.03.2016;43.793999
16.03.2016;44.515999
17.03.2016;45.700001
18.03.2016;46.896000
21.03.2016;47.976002
22.03.2016;47.798000
23.03.2016;46.945999
24.03.2016;45.778000
28.03.2016;46.962002
29.03.2016;46.476002
30.03.2016;47.099998
31.03.2016;47.484001
01.04.2016;49.580002
04.04.2016;50.424000
05.04.2016;51.312000
06.04.2016;53.548000
07.04.2016;53.868000
08.04.2016;52.164001
11.04.2016;51.798000
12.04.2016;50.360001
13.04.2016;51.099998
14.04.2016;51.368000
15.04.2016;50.919998
18.04.2016;51.661999
19.04.2016;50.874001
20.04.2016;50.731998
21.04.2016;50.180000
22.04.2016;50.799999
25.04.2016;51.476002
26.04.2016;51.146000
27.04.2016;51.000000
28.04.2016;50.686001
29.04.2016;49.686001
02.05.2016;48.638000
03.05.2016;47.782001
04.05.2016;46.891998
05.05.2016;45.728001
06.05.2016;43.273998
09.05.2016;43.230000
10.05.2016;41.894001
11.05.2016;43.096001
12.05.2016;42.334000
13.05.2016;42.240002
16.05.2016;42.630001
17.05.2016;41.964001
18.05.2016;43.062000
19.05.2016;43.358002
20.05.2016;44.110001
23.05.2016;44.520000
24.05.2016;43.748001
25.05.2016;44.271999
26.05.2016;45.051998
27.05.2016;45.186001
31.05.2016;44.950001
01.06.2016;44.480000
02.06.2016;43.981998
03.06.2016;44.388000
06.06.2016;44.180000
07.06.2016;46.888000
08.06.2016;48.169998
09.06.2016;47.066002
10.06.2016;45.594002
13.06.2016;45.153999
14.06.2016;44.439999
15.06.2016;44.380001
16.06.2016;43.608002
17.06.2016;43.998001
20.06.2016;44.750000
21.06.2016;44.514000
22.06.2016;41.189999
23.06.2016;39.509998
24.06.2016;39.023998
27.06.2016;39.762001
28.06.2016;40.810001
29.06.2016;42.355999
30.06.2016;42.700001
01.07.2016;43.647999
05.07.2016;42.908001
06.07.2016;43.046001
07.07.2016;43.624001
08.07.2016;43.962002
11.07.2016;45.355999
12.07.2016;45.500000
13.07.2016;45.118000
14.07.2016;44.987999
15.07.2016;44.549999
18.07.2016;45.417999
19.07.2016;45.820000
20.07.2016;45.959999
21.07.2016;45.570000
22.07.2016;44.900002
25.07.2016;46.278000
26.07.2016;46.000000
27.07.2016;46.672001
28.07.2016;46.152000
29.07.2016;47.056000
01.08.2016;47.326000
02.08.2016;45.973999
03.08.2016;45.939999
04.08.2016;46.172001
05.08.2016;46.400002
08.08.2016;45.919998
09.08.2016;46.307999
10.08.2016;45.973999
11.08.2016;45.514000
12.08.2016;45.330002
15.08.2016;45.900002
16.08.2016;45.438000
17.08.2016;44.966000
18.08.2016;45.132000
19.08.2016;45.034000
22.08.2016;45.021999
23.08.2016;45.698002
24.08.2016;45.430000
25.08.2016;44.759998
26.08.2016;44.571999
29.08.2016;44.080002
30.08.2016;43.222000
31.08.2016;42.520000
01.09.2016;42.220001
02.09.2016;40.639999
06.09.2016;40.650002
07.09.2016;41.299999
08.09.2016;39.978001
09.09.2016;39.984001
12.09.2016;40.273998
13.09.2016;39.698002
14.09.2016;39.584000
15.09.2016;40.504002
16.09.2016;41.139999
19.09.2016;41.886002
20.09.2016;41.549999
21.09.2016;41.400002
22.09.2016;41.456001
23.09.2016;42.035999
26.09.2016;42.200001
27.09.2016;41.995998
28.09.2016;41.650002
29.09.2016;41.466000
30.09.2016;40.995998
03.10.2016;43.133999
04.10.2016;42.664001
05.10.2016;42.630001
06.10.2016;40.841999
07.10.2016;40.264000
10.10.2016;40.827999
11.10.2016;40.439999
12.10.2016;40.776001
13.10.2016;40.180000
14.10.2016;40.285999
17.10.2016;39.678001
18.10.2016;39.894001
19.10.2016;41.332001
20.10.2016;40.599998
21.10.2016;40.313999
24.10.2016;40.790001
25.10.2016;40.938000
26.10.2016;40.638000
27.10.2016;42.740002
28.10.2016;41.063999
31.10.2016;40.498001
01.11.2016;39.700001
02.11.2016;38.540001
03.11.2016;38.293999
04.11.2016;38.692001
07.11.2016;38.858002
08.11.2016;39.498001
09.11.2016;38.400002
10.11.2016;38.321999
11.11.2016;37.776001
14.11.2016;37.650002
15.11.2016;37.285999
16.11.2016;36.945999
17.11.2016;37.897999
18.11.2016;38.599998
21.11.2016;37.778000
22.11.2016;38.293999
23.11.2016;39.127998
25.11.2016;39.448002
28.11.2016;39.869999
29.11.2016;39.346001
30.11.2016;38.377998
01.12.2016;37.706001
02.12.2016;36.976002
05.12.2016;37.778000
06.12.2016;37.316002
07.12.2016;38.680000
08.12.2016;38.500000
09.12.2016;38.768002
12.12.2016;38.883999
13.12.2016;40.256001
14.12.2016;40.599998
15.12.2016;40.147999
16.12.2016;40.518002
19.12.2016;40.889999
20.12.2016;41.799999
21.12.2016;42.445999
22.12.2016;41.998001
23.12.2016;42.689999
27.12.2016;44.450001
28.12.2016;44.759998
29.12.2016;43.840000
30.12.2016;43.500000
03.01.2017;44.066002
04.01.2017;45.599998
05.01.2017;45.495998
06.01.2017;46.062000
09.01.2017;46.383999
10.01.2017;46.400002
11.01.2017;45.995998
12.01.2017;46.139999
13.01.2017;47.570000
17.01.2017;47.992001
18.01.2017;47.942001
19.01.2017;49.736000
20.01.2017;49.200001
23.01.2017;50.178001
24.01.2017;50.959999
25.01.2017;51.692001
26.01.2017;51.147999
27.01.2017;50.599998
30.01.2017;51.057999
31.01.2017;51.178001
01.02.2017;50.639999
02.02.2017;50.484001
03.02.2017;50.436001
06.02.2017;51.563999
07.02.2017;52.000000
08.02.2017;52.672001
09.02.2017;54.236000
10.02.2017;54.189999
13.02.2017;56.158001
14.02.2017;57.478001
15.02.2017;56.448002
16.02.2017;56.000000
17.02.2017;54.577999
21.02.2017;56.279999
22.02.2017;56.689999
23.02.2017;52.931999
24.02.2017;51.650002
27.02.2017;49.672001
28.02.2017;50.200001
01.03.2017;50.970001
02.03.2017;50.655998
03.03.2017;50.380001
06.03.2017;50.340000
07.03.2017;50.778000
08.03.2017;50.014000
09.03.2017;49.731998
10.03.2017;49.299999
13.03.2017;49.369999
14.03.2017;51.624001
15.03.2017;52.200001
16.03.2017;53.150002
17.03.2017;53.066002
20.03.2017;52.910000
21.03.2017;52.959999
22.03.2017;51.014000
23.03.2017;51.534000
24.03.2017;52.778000
27.03.2017;54.113998
28.03.2017;56.136002
29.03.2017;55.919998
30.03.2017;56.400002
31.03.2017;55.936001
03.04.2017;59.799999
04.04.2017;60.962002
05.04.2017;60.976002
06.04.2017;60.388000
07.04.2017;60.537998
10.04.2017;62.745998
11.04.2017;62.694000
12.04.2017;61.689999
13.04.2017;61.478001
17.04.2017;60.799999
18.04.2017;60.167999
19.04.2017;61.324001
20.04.2017;61.830002
21.04.2017;61.279999
24.04.2017;62.110001
25.04.2017;62.796001
26.04.2017;62.900002
27.04.2017;62.618000
28.04.2017;62.959999
01.05.2017;65.449997
02.05.2017;65.531998
03.05.2017;64.306000
04.05.2017;61.554001
05.05.2017;61.709999
08.05.2017;62.757999
09.05.2017;64.398003
10.05.2017;65.099998
11.05.2017;65.199997
12.05.2017;65.400002
15.05.2017;64.040001
16.05.2017;64.012001
17.05.2017;62.925999
18.05.2017;62.787998
19.05.2017;63.299999
22.05.2017;62.874001
23.05.2017;62.146000
24.05.2017;62.200001
25.05.2017;63.394001
26.05.2017;65.098000
30.05.2017;67.255997
31.05.2017;68.578003
01.06.2017;68.975998
02.06.2017;68.575996
05.06.2017;69.688004
06.06.2017;71.898003
07.06.2017;72.099998
08.06.2017;74.379997
09.06.2017;75.374001
12.06.2017;72.900002
13.06.2017;75.199997
14.06.2017;76.849998
15.06.2017;75.092003
16.06.2017;75.601997
19.06.2017;75.339996
20.06.2017;75.776001
21.06.2017;75.398003
22.06.2017;77.000000
23.06.2017;77.398003
26.06.2017;77.389999
27.06.2017;75.279999
28.06.2017;74.348000
29.06.2017;74.199997
30.06.2017;73.353996
03.07.2017;74.269997
05.07.2017;69.447998
06.07.2017;64.157997
07.07.2017;63.400002
10.07.2017;63.588001
11.07.2017;65.456001
12.07.2017;66.620003
13.07.2017;66.320000
14.07.2017;65.683998
17.07.2017;65.419998
18.07.2017;65.825996
19.07.2017;66.330002
20.07.2017;66.043999
21.07.2017;66.251999
24.07.2017;68.680000
25.07.2017;69.120003
26.07.2017;69.099998
27.07.2017;69.500000
28.07.2017;67.919998
31.07.2017;68.297997
01.08.2017;64.889999
02.08.2017;65.424004
03.08.2017;70.000000
04.08.2017;71.454002
07.08.2017;71.896004
08.08.2017;73.716003
09.08.2017;74.000000
10.08.2017;73.330002
11.08.2017;72.251999
14.08.2017;73.531998
15.08.2017;73.098000
16.08.2017;73.300003
17.08.2017;72.660004
18.08.2017;70.800003
21.08.2017;69.164001
22.08.2017;68.447998
23.08.2017;70.697998
24.08.2017;71.332001
25.08.2017;71.138000
28.08.2017;69.470001
29.08.2017;69.809998
30.08.2017;70.694000
31.08.2017;71.688004
01.09.2017;71.517998
05.09.2017;71.098000
06.09.2017;70.195999
07.09.2017;70.496002
08.09.2017;69.956001
11.09.2017;72.741997
12.09.2017;73.751999
13.09.2017;73.613998
14.09.2017;75.592003
15.09.2017;76.000000
18.09.2017;77.921997
19.09.2017;76.477997
20.09.2017;75.650002
21.09.2017;75.365997
22.09.2017;73.980003
25.09.2017;71.494003
26.09.2017;70.248001
27.09.2017;70.297997
28.09.2017;68.550003
29.09.2017;68.935997
02.10.2017;68.739998
03.10.2017;69.709999
04.10.2017;71.723999
05.10.2017;71.487999
06.10.2017;72.019997
09.10.2017;70.349998
10.10.2017;71.125999
11.10.2017;71.519997
12.10.2017;71.956001
13.10.2017;71.697998
16.10.2017;70.896004
17.10.2017;71.244003
18.10.2017;72.599998
19.10.2017;71.430000
20.10.2017;70.910004
23.10.2017;69.989998
24.10.2017;68.559998
25.10.2017;67.500000
26.10.2017;66.045998
27.10.2017;64.917999
30.10.2017;64.755997
31.10.2017;66.389999
01.11.2017;66.522003
02.11.2017;61.737999
03.11.2017;61.250000
06.11.2017;61.500000
07.11.2017;61.299999
08.11.2017;61.377998
09.11.2017;60.891998
10.11.2017;61.672001
13.11.2017;63.360001
14.11.2017;63.270000
15.11.2017;62.498001
16.11.2017;63.627998
17.11.2017;65.334000
20.11.2017;63.099998
21.11.2017;63.646000
22.11.2017;63.484001
24.11.2017;63.282001
27.11.2017;63.467999
28.11.2017;64.000000
29.11.2017;63.599998
30.11.2017;62.139999
01.12.2017;62.063999
04.12.2017;61.653999
05.12.2017;61.599998
06.12.2017;62.678001
07.12.2017;63.726002
08.12.2017;63.396000
11.12.2017;65.802002
12.12.2017;68.288002
13.12.2017;68.844002
14.12.2017;69.487999
15.12.2017;68.779999
18.12.2017;69.346001
19.12.2017;68.297997
20.12.2017;66.620003
21.12.2017;66.748001
22.12.2017;66.183998
26.12.2017;64.788002
27.12.2017;63.535999
28.12.2017;63.164001
29.12.2017;63.282001
02.01.2018;64.421997
03.01.2018;65.050003
04.01.2018;63.709999
05.01.2018;63.448002
08.01.2018;67.403999
09.01.2018;67.760002
10.01.2018;67.400002
11.01.2018;68.961998
12.01.2018;68.082001
16.01.2018;69.000000
17.01.2018;69.800003
18.01.2018;70.459999
19.01.2018;70.117996
22.01.2018;71.566002
23.01.2018;72.099998
24.01.2018;70.949997
25.01.2018;69.839996
26.01.2018;68.800003
29.01.2018;70.169998
30.01.2018;69.653999
31.01.2018;71.237999
01.02.2018;71.931999
02.02.2018;70.389999
05.02.2018;68.893997
06.02.2018;67.244003
07.02.2018;69.199997
08.02.2018;69.723999
09.02.2018;64.195999
12.02.2018;63.616001
13.02.2018;64.837997
14.02.2018;65.234001
15.02.2018;66.823997
16.02.2018;68.624001
20.02.2018;68.167999
21.02.2018;67.938004
22.02.2018;69.487999
23.02.2018;70.998001
26.02.2018;71.800003
27.02.2018;71.998001
28.02.2018;71.047997
01.03.2018;69.734001
02.03.2018;67.043999
05.03.2018;67.550003
06.03.2018;67.274002
07.03.2018;66.500000
08.03.2018;66.660004
09.03.2018;65.697998
12.03.2018;69.442001
13.03.2018;69.442001
14.03.2018;67.961998
15.03.2018;66.570000
16.03.2018;65.480003
19.03.2018;64.150002
20.03.2018;63.250000
21.03.2018;64.487999
22.03.2018;63.764000
23.03.2018;62.250000
26.03.2018;61.518002
27.03.2018;60.854000
28.03.2018;53.736000
29.03.2018;54.192001
02.04.2018;52.066002
03.04.2018;54.669998
04.04.2018;57.674000
05.04.2018;61.251999
06.04.2018;61.855999
09.04.2018;61.900002
10.04.2018;61.419998
11.04.2018;61.796001
12.04.2018;60.790001
13.04.2018;60.790001
16.04.2018;59.931999
17.04.2018;58.433998
18.04.2018;60.048000
19.04.2018;60.202000
20.04.2018;59.995998
23.04.2018;58.324001
24.04.2018;57.417999
25.04.2018;57.032001
26.04.2018;57.158001
27.04.2018;58.894001
30.04.2018;59.745998
01.05.2018;60.164001
02.05.2018;61.369999
03.05.2018;57.608002
04.05.2018;59.372002
07.05.2018;61.192001
08.05.2018;61.549999
09.05.2018;61.402000
10.05.2018;62.598000
11.05.2018;61.776001
14.05.2018;60.987999
15.05.2018;57.391998
16.05.2018;57.762001
17.05.2018;57.838001
18.05.2018;56.930000
21.05.2018;58.298000
22.05.2018;57.599998
23.05.2018;55.981998
24.05.2018;56.222000
25.05.2018;55.928001
29.05.2018;57.299999
30.05.2018;59.001999
31.05.2018;58.074001
01.06.2018;58.389999
04.06.2018;59.799999
05.06.2018;59.560001
06.06.2018;64.433998
07.06.2018;66.000000
08.06.2018;64.896004
11.06.2018;66.931999
12.06.2018;70.994003
13.06.2018;69.440002
14.06.2018;71.750000
15.06.2018;72.933998
18.06.2018;74.746002
19.06.2018;74.000000
20.06.2018;72.875999
21.06.2018;73.241997
22.06.2018;70.449997
25.06.2018;67.694000
26.06.2018;68.709999
27.06.2018;70.157997
28.06.2018;71.403999
29.06.2018;70.772003
02.07.2018;72.956001
03.07.2018;66.498001
05.07.2018;62.877998
06.07.2018;62.414001
09.07.2018;63.703999
10.07.2018;65.536003
11.07.2018;64.388000
12.07.2018;64.646004
13.07.2018;63.916000
16.07.2018;63.032001
17.07.2018;64.947998
18.07.2018;65.099998
19.07.2018;64.708000
20.07.2018;64.648003
23.07.2018;61.099998
24.07.2018;61.543999
25.07.2018;61.924000
26.07.2018;62.139999
27.07.2018;61.537998
30.07.2018;59.220001
31.07.2018;59.664001
01.08.2018;60.599998
02.08.2018;69.998001
03.08.2018;71.000000
06.08.2018;70.996002
07.08.2018;77.491997
08.08.2018;76.528000
09.08.2018;73.402000
10.08.2018;72.000000
13.08.2018;72.638000
14.08.2018;71.839996
15.08.2018;68.898003
16.08.2018;68.456001
17.08.2018;65.353996
20.08.2018;61.700001
21.08.2018;64.958000
22.08.2018;64.776001
23.08.2018;65.463997
24.08.2018;64.769997
27.08.2018;64.487999
28.08.2018;63.776001
29.08.2018;62.369999
30.08.2018;60.919998
31.08.2018;61.062000
04.09.2018;59.638000
05.09.2018;57.355999
06.09.2018;58.234001
07.09.2018;53.669998
10.09.2018;57.206001
11.09.2018;56.400002
12.09.2018;58.500000
13.09.2018;59.000000
14.09.2018;59.466000
17.09.2018;60.174000
18.09.2018;60.528000
19.09.2018;60.000000
20.09.2018;61.195999
21.09.2018;60.116001
24.09.2018;60.599998
25.09.2018;60.919998
26.09.2018;62.778000
27.09.2018;62.992001
28.09.2018;55.599998
01.10.2018;62.287998
02.10.2018;63.368000
03.10.2018;60.919998
04.10.2018;58.799999
05.10.2018;54.976002
08.10.2018;53.551998
09.10.2018;53.354000
10.10.2018;53.102001
11.10.2018;52.450001
12.10.2018;52.397999
15.10.2018;52.655998
16.10.2018;55.476002
17.10.2018;56.540001
18.10.2018;54.200001
19.10.2018;53.931999
22.10.2018;52.372002
23.10.2018;59.585999
24.10.2018;60.888000
25.10.2018;64.199997
26.10.2018;67.980003
29.10.2018;69.431999
30.10.2018;67.580002
31.10.2018;68.400002
01.11.2018;69.568001
02.11.2018;69.839996
05.11.2018;68.792000
06.11.2018;69.760002
07.11.2018;70.236000
08.11.2018;71.515999
09.11.2018;70.800003
12.11.2018;69.956001
13.11.2018;68.940002
14.11.2018;69.421997
15.11.2018;69.716003
16.11.2018;71.139999
19.11.2018;73.349998
20.11.2018;69.959999
21.11.2018;70.620003
23.11.2018;67.500000
26.11.2018;69.244003
27.11.2018;69.391998
28.11.2018;69.655998
29.11.2018;69.500000
30.11.2018;70.320000
03.12.2018;73.199997
04.12.2018;73.736000
06.12.2018;73.475998
07.12.2018;75.898003
10.12.2018;73.195999
11.12.2018;74.433998
12.12.2018;74.382004
13.12.2018;75.487999
14.12.2018;75.573997
17.12.2018;73.139999
18.12.2018;70.309998
19.12.2018;69.402000
20.12.2018;66.057999
21.12.2018;64.694000
24.12.2018;62.900002
26.12.2018;65.393997
27.12.2018;64.433998
28.12.2018;67.248001
31.12.2018;67.842003
02.01.2019;63.026001
03.01.2019;61.880001
04.01.2019;63.599998
07.01.2019;67.348000
08.01.2019;68.802002
09.01.2019;68.699997
10.01.2019;69.078003
11.01.2019;69.681999
14.01.2019;68.500000
15.01.2019;69.760002
16.01.2019;70.400002
17.01.2019;70.300003
18.01.2019;65.426003
22.01.2019;61.599998
23.01.2019;58.900002
24.01.2019;58.736000
25.01.2019;59.703999
28.01.2019;59.492001
29.01.2019;59.712002
30.01.2019;61.799999
31.01.2019;62.312000
01.02.2019;63.220001
04.02.2019;63.060001
05.02.2019;64.487999
06.02.2019;64.848000
07.02.2019;62.939999
08.02.2019;61.490002
11.02.2019;63.720001
12.02.2019;63.638000
13.02.2019;62.549999
14.02.2019;61.354000
15.02.2019;61.599998
19.02.2019;62.307999
20.02.2019;61.259998
21.02.2019;60.647999
22.02.2019;59.299999
25.02.2019;60.580002
26.02.2019;60.402000
27.02.2019;63.259998
28.02.2019;64.000000
01.03.2019;61.425999
04.03.2019;59.799999
05.03.2019;56.799999
06.03.2019;56.301998
07.03.2019;56.939999
08.03.2019;57.118000
11.03.2019;58.256001
12.03.2019;57.613998
13.03.2019;58.397999
14.03.2019;59.077999
15.03.2019;56.743999
18.03.2019;55.610001
19.03.2019;54.660000
20.03.2019;54.993999
21.03.2019;55.290001
22.03.2019;54.560001
25.03.2019;52.636002
26.03.2019;54.051998
27.03.2019;55.074001
28.03.2019;56.066002
29.03.2019;56.032001
01.04.2019;57.840000
02.04.2019;57.888000
03.04.2019;59.234001
04.04.2019;54.240002
05.04.2019;55.220001
08.04.2019;56.231998
09.04.2019;55.000000
10.04.2019;55.675999
11.04.2019;54.099998
12.04.2019;54.389999
15.04.2019;53.776001
16.04.2019;55.000000
17.04.2019;54.958000
18.04.2019;54.967999
22.04.2019;53.936001
23.04.2019;53.119999
24.04.2019;53.063999
25.04.2019;51.799999
26.04.2019;49.335999
29.04.2019;48.796001
30.04.2019;48.841999
01.05.2019;48.000000
02.05.2019;49.425999
03.05.2019;51.321999
06.05.2019;51.669998
07.05.2019;51.442001
08.05.2019;50.119999
09.05.2019;48.736000
10.05.2019;48.397999
13.05.2019;46.493999
14.05.2019;46.900002
15.05.2019;46.487999
16.05.2019;46.200001
17.05.2019;44.448002
20.05.2019;41.200001
21.05.2019;41.480000
22.05.2019;40.787998
23.05.2019;39.894001
24.05.2019;39.995998
28.05.2019;39.000000
29.05.2019;38.478001
30.05.2019;38.452000
31.05.2019;37.984001
03.06.2019;37.335999
04.06.2019;38.796001
05.06.2019;40.256001
06.06.2019;42.200001
07.06.2019;42.167999
10.06.2019;43.388000
11.06.2019;44.180000
12.06.2019;44.675999
13.06.2019;42.980000
14.06.2019;43.330002
17.06.2019;45.400002
18.06.2019;46.948002
19.06.2019;45.554001
20.06.2019;45.380001
21.06.2019;44.436001
24.06.2019;45.172001
25.06.2019;45.068001
26.06.2019;45.445999
27.06.2019;44.580002
28.06.2019;45.034000
01.07.2019;46.619999
02.07.2019;45.830002
03.07.2019;48.313999
05.07.2019;47.090000
08.07.2019;46.450001
09.07.2019;46.200001
10.07.2019;47.787998
11.07.2019;48.299999
12.07.2019;49.076000
15.07.2019;50.883999
16.07.2019;50.706001
17.07.2019;51.661999
18.07.2019;51.150002
19.07.2019;51.992001
22.07.2019;52.430000
23.07.2019;52.096001
24.07.2019;53.214001
25.07.2019;46.900002
26.07.2019;46.051998
29.07.2019;47.188000
30.07.2019;48.672001
31.07.2019;49.335999
01.08.2019;48.902000
02.08.2019;47.254002
05.08.2019;46.273998
06.08.2019;46.500000
07.08.2019;46.714001
08.08.2019;47.959999
09.08.2019;47.792000
12.08.2019;47.153999
13.08.2019;47.200001
14.08.2019;46.299999
15.08.2019;44.312000
16.08.2019;44.448002
19.08.2019;45.566002
20.08.2019;45.818001
21.08.2019;44.644001
22.08.2019;45.080002
23.08.2019;44.234001
26.08.2019;43.004002
27.08.2019;43.759998
28.08.2019;43.450001
29.08.2019;44.680000
30.08.2019;46.487999
03.09.2019;45.790001
04.09.2019;45.692001
05.09.2019;45.959999
06.09.2019;45.928001
09.09.2019;46.751999
10.09.2019;47.108002
11.09.2019;49.633999
12.09.2019;50.700001
13.09.2019;49.689999
16.09.2019;49.486000
17.09.2019;49.119999
18.09.2019;49.633999
19.09.2019;49.588001
20.09.2019;49.389999
23.09.2019;49.035999
24.09.2019;48.397999
25.09.2019;45.796001
26.09.2019;48.661999
27.09.2019;49.742001
30.09.2019;48.796001
01.10.2019;49.189999
02.10.2019;48.930000
03.10.2019;46.896000
04.10.2019;46.956001
07.10.2019;47.712002
08.10.2019;48.787998
09.10.2019;49.459999
10.10.2019;49.855999
11.10.2019;50.216000
14.10.2019;51.709999
15.10.2019;52.000000
16.10.2019;52.419998
17.10.2019;52.956001
18.10.2019;52.560001
21.10.2019;51.900002
22.10.2019;51.666000
23.10.2019;51.228001
24.10.2019;60.986000
25.10.2019;66.000000
28.10.2019;68.167999
29.10.2019;64.860001
30.10.2019;63.757999
31.10.2019;63.799999
01.11.2019;63.296001
04.11.2019;64.388000
05.11.2019;64.702003
06.11.2019;65.344002
07.11.2019;68.300003
08.11.2019;67.491997
11.11.2019;69.837997
12.11.2019;70.073997
13.11.2019;71.265999
14.11.2019;70.767998
15.11.2019;70.559998
18.11.2019;70.629997
19.11.2019;71.998001
20.11.2019;72.239998
21.11.2019;72.167999
22.11.2019;68.199997
25.11.2019;68.914001
26.11.2019;67.099998
27.11.2019;66.786003
29.11.2019;66.251999
02.12.2019;67.276001
03.12.2019;67.582001
04.12.2019;67.571999
05.12.2019;66.884003
06.12.2019;67.772003
09.12.2019;68.889999
10.12.2019;70.146004
11.12.2019;71.438004
12.12.2019;72.547997
13.12.2019;73.042000
16.12.2019;76.722000
17.12.2019;77.099998
18.12.2019;79.043999
19.12.2019;81.370003
20.12.2019;82.599998
23.12.2019;84.402000
24.12.2019;85.094002
26.12.2019;86.695999
27.12.2019;87.061996
30.12.2019;85.800003
31.12.2019;84.258003
02.01.2020;86.139999
03.01.2020;90.800003
06.01.2020;90.311996
07.01.2020;94.325996
08.01.2020;99.697998
09.01.2020;99.760002
10.01.2020;96.987999
13.01.2020;105.125999
14.01.2020;109.482002
15.01.2020;107.568001
16.01.2020;102.891998
17.01.2020;103.134003
21.01.2020;109.716003
22.01.2020;118.900002
23.01.2020;116.400002
24.01.2020;114.772003
27.01.2020;112.888000
28.01.2020;115.362000
29.01.2020;117.959999
30.01.2020;130.175995
31.01.2020;130.600006
03.02.2020;157.227997
04.02.2020;193.798004
05.02.2020;169.195999
06.02.2020;159.166000
07.02.2020;153.949997
10.02.2020;163.998001
11.02.2020;156.701996
12.02.2020;157.949997
13.02.2020;163.600006
14.02.2020;162.593994
18.02.2020;172.000000
19.02.2020;188.955994
20.02.2020;182.399994
21.02.2020;182.612000
24.02.2020;172.699997
25.02.2020;171.320007
26.02.2020;162.662003
27.02.2020;147.953995
28.02.2020;138.104004
02.03.2020;148.738007
03.03.2020;161.395996
04.03.2020;153.304001
05.03.2020;149.149994
06.03.2020;141.399994
09.03.2020;132.600006
10.03.2020;133.600006
11.03.2020;130.716003
12.03.2020;118.900002
13.03.2020;121.514000
16.03.2020;98.973999
17.03.2020;94.370003
18.03.2020;80.972000
19.03.2020;90.400002
20.03.2020;95.400002
23.03.2020;88.400002
24.03.2020;102.737999
25.03.2020;111.400002
26.03.2020;112.000000
27.03.2020;105.160004
30.03.2020;103.330002
31.03.2020;108.592003
01.04.2020;102.790001
02.04.2020;98.851997
03.04.2020;103.098000
06.04.2020;104.199997
07.04.2020;113.000000
08.04.2020;111.442001
09.04.2020;115.036003
13.04.2020;130.399994
14.04.2020;148.376007
15.04.2020;150.626007
16.04.2020;151.889999
17.04.2020;154.990005
20.04.2020;153.113998
21.04.2020;150.666000
22.04.2020;146.800003
23.04.2020;146.800003
24.04.2020;146.145996
27.04.2020;159.897995
28.04.2020;161.000000
29.04.2020;160.639999
30.04.2020;173.964005
01.05.2020;154.554001
04.05.2020;152.399994
05.05.2020;159.783997
06.05.2020;157.960007
07.05.2020;159.279999
08.05.2020;164.800003
11.05.2020;164.800003
12.05.2020;168.658005
13.05.2020;165.199997
14.05.2020;160.671997
15.05.2020;161.009995
18.05.2020;166.944000
19.05.2020;164.414001
20.05.2020;165.199997
21.05.2020;166.500000
22.05.2020;166.356003
26.05.2020;166.919998
27.05.2020;165.542007
28.05.2020;164.949997
29.05.2020;167.000000
01.06.2020;179.800003
02.06.2020;181.731995
03.06.2020;179.587997
04.06.2020;179.149994
05.06.2020;177.304001
08.06.2020;190.000000
09.06.2020;190.888000
10.06.2020;205.496002
11.06.2020;203.792007
12.06.2020;197.595993
15.06.2020;199.768005
16.06.2020;202.576004
17.06.2020;201.000000
18.06.2020;203.839996
19.06.2020;203.194000
22.06.2020;201.776001
23.06.2020;202.399994
24.06.2020;200.175995
25.06.2020;197.195999
26.06.2020;199.000000
29.06.2020;202.000000
30.06.2020;217.537994
01.07.2020;227.065994
02.07.2020;245.600006
06.07.2020;275.558014
07.07.2020;285.899994
08.07.2020;283.451996
09.07.2020;281.712006
10.07.2020;309.783997
13.07.2020;358.997986
14.07.2020;318.000000
15.07.2020;310.000000
16.07.2020;306.342010
17.07.2020;307.502014
20.07.2020;330.000000
21.07.2020;335.000000
22.07.2020;325.283997
23.07.2020;337.799988
24.07.2020;293.000000
27.07.2020;309.588013
28.07.2020;312.940002
29.07.2020;306.962006
30.07.2020;302.648010
31.07.2020;303.410004
03.08.2020;301.962006
04.08.2020;305.481995
05.08.2020;299.967987
06.08.2020;303.462006
07.08.2020;299.950012
10.08.2020;291.500000
11.08.2020;284.000000
12.08.2020;317.000000
13.08.2020;330.235992
14.08.2020;333.760010
17.08.2020;369.171997
18.08.2020;384.779999
19.08.2020;382.200012
20.08.2020;404.398010
21.08.2020;419.097992
24.08.2020;425.799988
25.08.2020;405.589996
26.08.2020;433.200012
27.08.2020;459.119995
28.08.2020;463.697998
31.08.2020;500.140015
01.09.2020;502.489990
02.09.2020;479.040009
03.09.2020;431.799988
04.09.2020;428.000000
08.09.2020;368.739990
09.09.2020;369.000000
10.09.2020;398.989990
11.09.2020;382.500000
14.09.2020;420.000000
15.09.2020;461.940002
16.09.2020;457.790009
17.09.2020;437.790009
18.09.2020;451.000000
21.09.2020;455.679993
22.09.2020;437.760010
23.09.2020;412.149994
24.09.2020;399.500000
25.09.2020;408.730011
28.09.2020;428.079987
29.09.2020;428.500000
30.09.2020;433.929993
01.10.2020;448.880005
02.10.2020;439.130005
05.10.2020;433.640015
06.10.2020;428.779999
07.10.2020;429.899994
08.10.2020;439.000000
09.10.2020;434.589996
12.10.2020;448.739990
13.10.2020;448.890015
14.10.2020;465.899994
15.10.2020;456.570007
16.10.2020;455.950012
19.10.2020;447.000000
20.10.2020;431.750000
21.10.2020;432.950012
22.10.2020;445.230011
23.10.2020;422.890015
26.10.2020;425.760010
27.10.2020;430.500000
28.10.2020;418.600006
29.10.2020;418.059998
30.10.2020;407.589996
02.11.2020;406.980011
03.11.2020;427.769989
04.11.2020;435.399994
05.11.2020;440.000000
06.11.2020;436.570007
09.11.2020;452.500000
10.11.2020;420.089996
11.11.2020;418.700012
12.11.2020;423.000000
13.11.2020;412.529999
16.11.2020;412.450012
17.11.2020;462.000000
18.11.2020;496.000000
19.11.2020;508.609985
20.11.2020;502.500000
23.11.2020;526.000000
24.11.2020;559.989990
25.11.2020;574.000000
27.11.2020;598.780029
30.11.2020;607.799988
01.12.2020;597.849976
02.12.2020;571.539978
03.12.2020;598.969971
04.12.2020;599.039978
07.12.2020;648.789978
08.12.2020;651.280029
09.12.2020;654.320007
10.12.2020;627.750000
11.12.2020;624.000000
14.12.2020;642.750000
15.12.2020;646.900024
16.12.2020;632.500000
17.12.2020;658.820007
18.12.2020;695.000000
21.12.2020;668.500000
22.12.2020;649.880005
23.12.2020;651.500000
24.12.2020;666.090027
28.12.2020;681.400024
29.12.2020;669.900024
30.12.2020;696.599976
31.12.2020;718.719971
04.01.2021;744.489990
05.01.2021;740.840027
06.01.2021;774.000000
07.01.2021;816.989990
08.01.2021;884.489990
11.01.2021;854.429993
12.01.2021;868.000000
13.01.2021;860.469971
14.01.2021;863.000000
15.01.2021;859.900024
19.01.2021;850.000000
20.01.2021;859.500000
21.01.2021;855.719971
22.01.2021;848.000000
25.01.2021;900.400024
26.01.2021;895.900024
27.01.2021;891.500000
28.01.2021;848.000000
29.01.2021;842.409973
01.02.2021;842.000000
02.02.2021;880.500000
03.02.2021;878.080017
04.02.2021;856.500000
05.02.2021;864.770020
08.02.2021;877.770020
09.02.2021;859.799988
10.02.2021;844.820007
11.02.2021;829.880005
12.02.2021;817.330017
16.02.2021;821.000000
17.02.2021;799.840027
18.02.2021;794.690002
19.02.2021;796.789978
22.02.2021;768.500000
23.02.2021;713.609985
24.02.2021;745.000000
25.02.2021;737.210022
26.02.2021;706.700012
01.03.2021;719.000000
02.03.2021;721.109985
03.03.2021;700.700012
04.03.2021;668.450012
05.03.2021;627.840027
08.03.2021;620.130005
09.03.2021;678.090027
10.03.2021;717.849976
11.03.2021;702.500000
12.03.2021;694.880005
15.03.2021;713.179993
16.03.2021;707.919983
17.03.2021;703.729980
18.03.2021;689.229980
19.03.2021;657.229980
22.03.2021;699.619995
23.03.2021;677.799988
24.03.2021;668.020020
25.03.2021;645.500000
26.03.2021;643.820007
29.03.2021;616.479980
30.03.2021;637.659973
31.03.2021;672.000000
01.04.2021;692.419983
05.04.2021;708.159973
06.04.2021;696.549988
07.04.2021;691.380005
08.04.2021;689.549988
09.04.2021;680.969971
12.04.2021;704.799988
13.04.2021;763.000000
14.04.2021;780.789978
15.04.2021;743.690002
16.04.2021;749.409973
19.04.2021;725.400024
20.04.2021;737.250000
21.04.2021;744.840027
22.04.2021;753.770020
23.04.2021;737.359985
26.04.2021;749.299988
27.04.2021;724.000000
28.04.2021;708.500000
29.04.2021;702.250000
30.04.2021;715.469971
03.05.2021;706.000000
04.05.2021;683.450012
05.05.2021;685.299988
06.05.2021;681.020020
07.05.2021;690.000000
10.05.2021;665.049988
11.05.2021;627.099976
12.05.2021;620.409973
13.05.2021;606.460022
14.05.2021;592.869995
17.05.2021;589.729980
18.05.2021;596.250000
19.05.2021;566.210022
20.05.2021;588.849976
21.05.2021;596.679993
24.05.2021;614.479980
25.05.2021;613.989990
26.05.2021;626.169983
27.05.2021;631.130005
28.05.2021;635.590027
01.06.2021;633.799988
02.06.2021;623.359985
03.06.2021;604.549988
04.06.2021;600.609985
07.06.2021;610.000000
08.06.2021;623.090027
09.06.2021;611.789978
10.06.2021;616.590027
11.06.2021;612.559998
14.06.2021;625.489990
15.06.2021;616.789978
16.06.2021;608.500000
17.06.2021;621.469971
18.06.2021;628.349976
21.06.2021;631.390015
22.06.2021;628.570007
23.06.2021;657.200012
24.06.2021;697.619995
25.06.2021;693.809998
28.06.2021;694.700012
29.06.2021;687.510010
30.06.2021;692.809998
01.07.2021;687.989990
02.07.2021;700.000000
06.07.2021;684.000000
07.07.2021;665.700012
08.07.2021;654.429993
09.07.2021;658.909973
12.07.2021;687.239990
13.07.2021;693.280029
14.07.2021;678.609985
15.07.2021;666.140015
16.07.2021;656.700012
19.07.2021;647.200012
20.07.2021;662.390015
21.07.2021;664.859985
22.07.2021;662.169983
23.07.2021;648.799988
26.07.2021;668.200012
27.07.2021;666.500000
28.07.2021;654.969971
29.07.2021;683.690002
30.07.2021;697.530029
02.08.2021;726.940002
03.08.2021;722.650024
04.08.2021;724.900024
05.08.2021;720.950012
06.08.2021;716.330017
09.08.2021;719.030029
10.08.2021;716.590027
11.08.2021;715.179993
12.08.2021;722.799988
13.08.2021;729.900024
16.08.2021;709.500000
17.08.2021;674.580017
18.08.2021;695.770020
19.08.2021;686.549988
20.08.2021;692.130005
23.08.2021;712.130005
24.08.2021;715.219971
25.08.2021;716.969971
26.08.2021;715.400024
27.08.2021;715.000000
30.08.2021;731.000000
31.08.2021;740.390015
01.09.2021;741.989990
02.09.2021;740.969971
03.09.2021;734.000000
07.09.2021;760.200012
08.09.2021;764.450012
09.09.2021;762.099976
10.09.2021;762.609985
13.09.2021;744.780029
14.09.2021;754.469971
15.09.2021;756.859985
16.09.2021;758.909973
17.09.2021;761.039978
20.09.2021;742.000000
21.09.2021;744.739990
22.09.2021;753.669983
23.09.2021;758.200012
24.09.2021;774.799988
27.09.2021;799.000000
28.09.2021;795.640015
29.09.2021;793.500000
30.09.2021;789.130005
01.10.2021;780.780029
04.10.2021;806.969971
05.10.2021;797.309998
06.10.2021;786.659973
07.10.2021;805.000000
08.10.2021;796.380005
11.10.2021;801.239990
12.10.2021;812.320007
13.10.2021;815.409973
14.10.2021;820.250000
15.10.2021;843.210022
18.10.2021;875.260010
19.10.2021;877.950012
20.10.2021;869.489990
21.10.2021;900.000000
22.10.2021;910.000000
25.10.2021;1045.020020
26.10.2021;1094.939941
27.10.2021;1070.880005
28.10.2021;1081.000000
29.10.2021;1115.209961
01.11.2021;1209.750000
02.11.2021;1208.589966
03.11.2021;1215.390015
04.11.2021;1243.489990
05.11.2021;1239.869995
08.11.2021;1197.000000
09.11.2021;1174.500000
10.11.2021;1078.099976
11.11.2021;1104.969971
12.11.2021;1054.500000
15.11.2021;1031.979980
16.11.2021;1057.199951
17.11.2021;1119.640015
18.11.2021;1112.000000
19.11.2021;1138.719971
22.11.2021;1201.949951
23.11.2021;1180.500000
24.11.2021;1132.770020
26.11.2021;1108.780029
29.11.2021;1142.670044
30.11.2021;1168.000000
01.12.2021;1172.839966
02.12.2021;1113.000000
03.12.2021;1090.579956
06.12.2021;1021.640015
07.12.2021;1057.670044
08.12.2021;1072.380005
09.12.2021;1062.489990
10.12.2021;1020.979980
13.12.2021;1005.000000
14.12.2021;966.409973
15.12.2021;978.750000
16.12.2021;994.979980
17.12.2021;960.659973
20.12.2021;921.690002
21.12.2021;939.500000
22.12.2021;1015.659973
23.12.2021;1072.979980
27.12.2021;1117.000000
28.12.2021;1119.000000
29.12.2021;1104.000000
30.12.2021;1095.550049
31.12.2021;1082.000000
03.01.2022;1201.069946
04.01.2022;1208.000000
05.01.2022;1170.339966
06.01.2022;1088.000000
07.01.2022;1080.930054
10.01.2022;1059.099976
11.01.2022;1075.849976
12.01.2022;1114.839966
13.01.2022;1115.599976
14.01.2022;1052.000000
18.01.2022;1070.790039
19.01.2022;1054.670044
20.01.2022;1041.660034
21.01.2022;1004.549988
24.01.2022;933.510010
25.01.2022;951.260010
26.01.2022;987.690002
27.01.2022;935.390015
28.01.2022;857.500000
31.01.2022;937.989990
01.02.2022;943.700012
02.02.2022;931.500000
03.02.2022;937.000000
04.02.2022;936.500000
07.02.2022;947.770020
08.02.2022;926.289978
09.02.2022;946.270020
10.02.2022;943.809998
11.02.2022;915.960022
14.02.2022;898.880005
15.02.2022;923.000000
16.02.2022;926.429993
17.02.2022;918.500000
18.02.2022;886.869995
22.02.2022;856.729980
23.02.2022;835.299988
24.02.2022;802.479980
25.02.2022;819.500000
28.02.2022;876.859985
01.03.2022;889.880005
02.03.2022;886.479980
03.03.2022;886.440002
04.03.2022;855.650024
07.03.2022;866.140015
08.03.2022;849.989990
09.03.2022;860.559998
10.03.2022;854.450012
11.03.2022;843.799988
14.03.2022;800.700012
15.03.2022;805.570007
16.03.2022;842.000000
17.03.2022;875.000000
18.03.2022;907.849976
21.03.2022;942.849976
22.03.2022;997.859985
23.03.2022;1040.699951
24.03.2022;1024.489990
